tweet,emotion,magnitude
Just got back from seeing @GaryDelaney in Burslem. AMAZING!! Face still hurts from laughing so much #hilarious,joy,0.98
Oh dear an evening of absolute hilarity I dont think I have laughed so much in a long time! ,joy,0.958
Been waiting all week for this game  #cheer #friday ,joy,0.94
"@gardiner_love : Thank you so much, Gloria! Youre so sweet, and thoughtful! You just made my day more joyful! I love you too! ",joy,0.938
"I feel so blessed to work with the family that I nanny for  nothing but love &amp; appreciation, makes me smile.",joy,0.938
"Today I reached 1000 subscribers on YT!! , #goodday, #thankful",joy,0.9259999999999999
"@Singaholic121 Good morning, love! Happy first day of fall. Lets make some awesome #autumnmemories #annabailey #laughter #smile",joy,0.924
"#BridgetJonesBaby is the best thing Ive seen in ages! So funny, Ive missed Bridget! #love  #TeamMark",joy,0.922
Just got back from seeing @GaryDelaney in Burslem. AMAZING!! Face still hurts from laughing so much ,joy,0.92
"@IndyMN I thought the holidays could not get any more cheerful, and then I met you. #TheNiceBot",joy,0.917
Im just still . So happy .\nA blast,joy,0.917
Its meant to be!! #happy #happy,joy,0.917
Yeah PAUL  #glorious #BB18,joy,0.917
My morning started off amazing!! Hopefully the whole day is going as i want it to go!\n #GreatDay ,joy,0.917
 @cailamarsai youve had me   the whole time watching @black_ishABC after youve lost your #glasses! It was #hilarious! @mrbabyboogaloo,joy,0.9
@iamTinaDatta love you so much #smile ,joy,0.8959999999999999
"@WyoWiseGuy @LivingVertical however, REI did offer me the job today as well. Cant believe how exponentially freaking joyous I feel...!!!",joy,0.8959999999999999
2 days until #GoPackGo and 23 days until #GoGipeGo..... Im so excited! #smiling,joy,0.88
@TheMandyMoore You are beyond wonderful.  Your singing prowess is phenomenal but damn... Im just elated to watch you act again. #ThisIsUs ,joy,0.879
"@luckiiCHARM_ Luckii, Im changing in so many ways bc of Him!! Its a scary but joyful feeling, making me so strong.",joy,0.877
@JoshNoneYaBiz I love parody accounts! Well done. Vote for #Trump. #lol #hilarious,joy,0.875
"When you wake up from a dream laughing at something stupid, and that makes you laugh more #hilarious",joy,0.875
"now that I have my future planned out, I feel so much happier #goals #life #happy #igotthis #yay",joy,0.875
Online now !!!:) all day come play with me !! Im happy happy horny playful sweet sour;),joy,0.875
@grahnort wonderful experience watching you yesterday at. @BBCLetItShine thankyou for the #laughter,joy,0.872
@itsyourgirl_Z happy birthday :) have a blessed day love from Toronto :) #bday ,joy,0.868
@WSJNordics You make the world a more joyful place. #TheNiceBot,joy,0.8640000000000001
Morning all! Of course it is sunny on this Monday morning to cheerfully welcome us back to work.:),joy,0.863
"@Singaholic121 Good morning, love! Happy first day of fall. Lets make some awesome #autumnmemories #annabailey  ",joy,0.86
Its the #FirstDayofFall and Im so happy. Sipping my #PumpkinSpice flavored coffee and #smiling! Happy Fall everyone! #amwriting,joy,0.86
Retweeted GunnySmith93 (@Stephen21Smith):\n\nDays like today I am happy to be alive! #blessed #rejoice,joy,0.86
@ADenkyirah Happy birthday! Hope you have a wonderful day filled with lots of joy and laughter &lt;3 (despite tumblr being a jerk- once again),joy,0.8540000000000001
LOVE LOVE LOVE  #fun #relaxationiskey,joy,0.8540000000000001
"This is the day Youve made, \n\nLet us rehoi rejoice and be glad with all that I am. \n\n\n\n#aja \nGood morning!!!!",joy,0.8540000000000001
I #love to #laugh and share #laughter as way to share #joy,joy,0.8540000000000001
second day on the job and i already got a 45 dollar tip from a dude whose was constantly twitching his eye LOLOLOL #cheering,joy,0.8540000000000001
Im such a fan of endless #laughter with #friends and enjoying #happiness together. #FridayFeeling #weekend,joy,0.8540000000000001
the thought of you gets me through my day. the thought of your smile never fails at making me smile ,joy,0.8540000000000001
"Today I reached 1000 subscribers on YT!! #happy, #goodday, #thankful",joy,0.8490000000000001
Getting my comedic relief w/ @SofiaVergara during season premiere of #ModernFamily. Just what a girl needs! #hilarious,joy,0.846
@palmtreesarah @WorthingTheatre had more fun than the funniest person in funsville..... Much hilarity as usual.... Thank you ,joy,0.84
@shwood @mpforstein OMD you 2 are cracking me up! Thanks for the follow Brian. I need some levity to balance the cynicism I share w/Michael,joy,0.84
"@DorH84607784 Oh FANTASTIC, I bet it was super exhilarating  ",joy,0.84
@ContourCosmetic well done ladies! A great award for an amazing team. A delight to present the award to you.,joy,0.84
Vals always smiling I love it #gbbo,joy,0.84
Had a great time at Skywalkers open gym tonight! Come our every Wednesday from 7-8 in Hillsboro and train with us! #opengym #cheer #tumbling,joy,0.833
I love how cheery and adoring @JackHoward gets every time he produces new content.,joy,0.833
Good morning joyful people. Choose happiness to have a great day today #morning #joyful #happiness #grandmercurejktkemayoran,joy,0.833
Retweeted GunnySmith93 (@Stephen21Smith):\n\nDays like today I am happy to be alive! #blessed ,joy,0.833
"Wishing a very Happy Birthday to our awesome dancer, Ruthann!!! We hope your day is magical! #bday  #eatcake",joy,0.833
Thank you @twitter for the balloons today. #smile #goodday #48,joy,0.833
Omg. Youve got to watch the new series This is Us.....wow. Best tv show Ive seen in a long time.\n#tears #laughter #moretears,joy,0.8270000000000001
Today is the first time any math professor let us live early before the class time !!! #15 min #feelsgood #happy #wednesday #,joy,0.8270000000000001
Food that gets delivered  #cheering #happy,joy,0.8270000000000001
You know youre in love when all you can do is smile whenever you talk about how he is to someone.,joy,0.82
What a #lively #lovely #shower  ..,joy,0.82
"What a great training course, lots of photos, fun and laughter. Photos will be up soon #Boostercourse #fun #laughter",joy,0.82
@EmmyMitchell_  hahahaha youre ridiculous!!! But thank you a joyous evening xx,joy,0.815
I am so happy I have come across @HilltopBindery notebooks! #handmade would love to talk to you! #musthave #want #need #happy #amazing ,joy,0.812
second day on the job and i already got a 45 dollar tip from a dude whose was constantly twitching his eye LOLOLOL ,joy,0.812
Made my night that @GordonReid91 Reid was included in tonights hilarity. Some of those points were brilliant. Thanks @andy_murray,joy,0.812
"By the way, Im wearing the smile you gave me today. \n #you #me ",joy,0.812
@airvistara as always it was indeed a wonderful experience flying with you guys today #bestinbusiness #delight #happyme,joy,0.812
"@alpuzz Ah, but once I got it to work, there was much rejoicing! Lol thanks will get it to do taht now.",joy,0.812
Getting my comedic relief w/ @SofiaVergara during season premiere of #ModernFamily. Just what a girl needs! ,joy,0.812
"@MrHenvin Thank you, happy birthday to you as well!",joy,0.812
"I really love the customer service @LifeProof theyre always so nice, helpful and cheerful !",joy,0.8079999999999999
"@ChrisBooker @ThePerezHilton On PHP54  and though the Kardashian stuff goes over my head, youre both hilarious, like gleeful little boys ",joy,0.8079999999999999
"@TheSandraGal Glad to see that youre having fun in the sun. Water sports are always fun, challenging, and exhilarating. #happiness #beauty",joy,0.7959999999999999
"May your day be filled with #peace#love n #laughter .Have a very nice day full of #Success #Jummah Mubarak , good morning @WaseemBadami",joy,0.792
2 days until #GoPackGo and 23 days until #GoGipeGo..... Im so excited! ,joy,0.792
Its funny that everyone came in my life as they like how far Im cheerful and self confident could make me 3abla kaml fg2a kda ,joy,0.792
Happy Birthday @Brooke56_56  #cheerchick #jeep #jeepgirl #IDriveAJeep #jeepjeep #Cheer,joy,0.792
TheNiceBot: melbjs ;) Here is a smile and a wink from across the web. #TheNiceBot,joy,0.792
"A #smile brightens your day and the day of everyone around you, so remember to #smile, its #free. :-)",joy,0.792
Im watching joyful noise for 100000000 time cuz I love this movie and @KekePalmer,joy,0.792
"Indian time its already ur birthday @akshaymarwah22. Have a stupendous birthday. Wish you more success, laughter and lots of love. Hugs. x",joy,0.792
"now that I have my future planned out, I feel so much happier #goals #life  #igotthis #yay",joy,0.792
"#BridgetJonesBaby is the best thing Ive seen in ages! So funny, Ive missed Bridget! #love #hilarious #TeamMark",joy,0.7879999999999999
Had a great time at Skywalkers open gym tonight! Come our every Wednesday from 7-8 in Hillsboro and train with us! #opengym  #tumbling,joy,0.78
@jadelalaa_ hahaha and u da best bro ever luv u hearty hearts,joy,0.78
@morgannbroom yes  &amp; cheering homecoming game!,joy,0.78
I would like to congratulate the people of Saudi Arabia a happy and a joyous national day. May you all have a great time! #_,joy,0.7709999999999999
@JackAndJack Im so lively for listen,joy,0.7709999999999999
@Nick_Offerman Ill be there!! Cant wait for all the !,joy,0.7709999999999999
@TheMandyMoore You are beyond wonderful.  Your singing prowess is phenomenal but damn... Im just elated to watch you act again. #ThisIsUs ,joy,0.7709999999999999
@ahtareen1 @ReginalAleman @krelifa @zamansj64 @AwiexaB Very pleasing ty!,joy,0.7709999999999999
@Zerfash  cant wait. She said cheerfully and grinned.,joy,0.7709999999999999
@madisenrb shes so sweet &amp; playful ,joy,0.7709999999999999
"Good morning, Trondheim! #optimism #productivity ",joy,0.7709999999999999
Thank you disney themed episode for letting me discover how amazing the @BlackishWriters are! #hilarious,joy,0.7709999999999999
having a pet store worker ask do you want to play with them? is the most exhilarating feeling,joy,0.7709999999999999
@yoshi_lucky Good morning.Lets start with a smile!\nLets enjoy life in a cheerful way!\nDont worry be happy!,joy,0.769
Currently listening to @ScottFoxonair &amp; @KatCallaghan @Z1035Toronto podcasts!! Can you guys please move to #yvr ? #hilarious #missyou,joy,0.769
@Jen_Lee @mostlymartha @edotwoods we just found thin mints in a freezer clean. i couldnt be more elated.,joy,0.76
@Myahrissavietta Im cheery now ,joy,0.76
Probably the best OT period Ive ever seen. Absolutely exhilarating. #WCH2016 #TeamNA,joy,0.76
Rewatching Raising Hope (with hubs this time) and totally forgot how hilarious it is  #HereWeGo,joy,0.76
@airvistara as always it was indeed a wonderful experience flying with you guys today #bestinbusiness  #happyme,joy,0.76
"@followAdamA looking back on recent tweets seen, this one right here is great #perfect #hilarious #Speechless #deal",joy,0.76
I found #marmite in Australia. `:) #happy,joy,0.76
@D_McMenemy Itll be easy to spot the parade of tiny weans in expensive jammies. Really is hilarious!,joy,0.75
"Wishing a very Happy Birthday to our awesome dancer, Ruthann!!! We hope your day is magical! #bday #happy #eatcake",joy,0.75
"I love seeing happy women, that glow is something real.",joy,0.75
Aw theres a young fox outside on the grass just jumping around all playful and having a little stretch  soo cute ,joy,0.75
"North America vs Sweden is the most exhilarating hockey Ive ever watched  wow , mackinonns mitts are silky #TeamNA #WCH2016",joy,0.75
Just had #efficient #great #smiling service @AppleBelgique store. Impressive team of geniuses ready to redefine what customer service is!,joy,0.75
"By the way, Im wearing the smile you gave me today. \n#you #me #smile",joy,0.75
Use your smile to change the world. Dont let the world change your smile. #quote #actorslife  #love #hardworkpaysoff #fun,joy,0.745
Youre so cute @katienolan #truelove #hilarious @GarbageTime #beautiful &amp; #graceful never heard explicits spoken with such elegance. #Mingo,joy,0.74
"Always be #cheerful, #smile often make others happy, care for others, help who feel helpless and #vulnerable. Life feels good #leadership",joy,0.74
"What a great training course, lots of photos, fun and laughter. Photos will be up soon #Boostercourse #fun ",joy,0.74
LOVE LOVE LOVE #smile #fun #relaxationiskey,joy,0.74
@Matalan when the lady in Xmas dept answers your call as hello mrs Xmas yep true story #winning #Xmas #cheer #goodcustomerservice  ,joy,0.74
Happy birthday @iRidhiDogra keep smiling always.Wishing you a wonderful year ahead mam,joy,0.74
"Good night, Twitter world! Wish you all good sleep / productive jovial days! :)",joy,0.731
@RobRiggle @joelmchale @NFLonFOX I still cant get jimmy garoppolo out of my head and its been almost 3 weeks. Thanks a lot! #hilarious,joy,0.7290000000000001
My friend just messaged me ugh Im so hungry I cant wait for breakfast #socialmedia #WineWednesday #hilarious #funny #laughing #happy,joy,0.7290000000000001
Thank you disney themed episode for letting me discover how amazing the @BlackishWriters are! ,joy,0.7290000000000001
@stackee Charlie attempted to suffocate me with a cushion for cheering so much at the great news ,joy,0.7290000000000001
@clonmacart Im beaming with glee.,joy,0.7290000000000001
Smile at people and see what happens.  I think youll be surprised #smile more #surprisepeople #influenceinternational,joy,0.7290000000000001
"Something about these cool, breezy fall days.. ",joy,0.7290000000000001
Food that gets delivered   ,joy,0.7290000000000001
@ArtyBagger With or without cake seeing your wee cheery face is always a joy xx,joy,0.7290000000000001
"I am a simple human being who just really loves @aliciakeys like truly, madly, deeply rejoicing in her existence, class and queendom",joy,0.7290000000000001
"I just really enjoy bright colors, like the colors you would see downtown Miami",joy,0.7290000000000001
"Thanks for making our Mass with Fr. Vallely respectful, meaningful, and joyful @ACSSCrusader @AssumptionHCDSB ! #SeeWithEyesOfMercy",joy,0.72
Good morning joyful people. Choose happiness to have a great day today #morning  #happiness #grandmercurejktkemayoran,joy,0.72
@LiamJamesVernon love the optimism!! BLUE MOON!,joy,0.72
#ContentwiththeLordsPortion:O satisfy us early with thy #mercy;that we may #rejoice &amp; be glad all our days.#Ps 90:14 #gladness #joy #delight,joy,0.72
@RealestCastiel just sitting close to him for an extended period of time was exhilarating because hes so beautiful and lively lol,joy,0.72
TheNiceBot: WSJNordics You make the world a more joyful place. #TheNiceBot #,joy,0.708
@PriiiincesssE thanks for distracting me from my paper to watch this hilarious video ,joy,0.708
@grahnort wonderful experience watching you yesterday at. @BBCLetItShine thankyou for the ,joy,0.708
@LindseySanford @simplymeasured this makes me giggle with glee!,joy,0.708
Live simply. Dream big. Be grateful. Give love. Laugh lots. - Unknown #quote #inspiration #happy,joy,0.708
Be #happy. Be #bright. Be YOU :) #identity #TimelessTips #friendship #family #forest #water #family #TrueLove #God #RoadSoFar #you #LifeTrip,joy,0.708
"When you wake up from a dream laughing at something stupid, and that makes you laugh more ",joy,0.708
@JoshNoneYaBiz I love parody accounts! Well done. Vote for #Trump. #lol ,joy,0.708
Zephaniah 3:17 He surely is rejoicing over us with singing...such romance and so needed today!!,joy,0.708
@imDevinLopez happy bday bro! ,joy,0.708
@itsyourgirl_Z happy birthday :) have a blessed day love from Toronto :) #bday #smile,joy,0.7040000000000001
"Mate the thing I get excited about in my profession are mad. A client said she opened her bowels, Im rejoicing",joy,0.7040000000000001
Riggs dumb ass hell lolol #hilarious #LethalWeapon,joy,0.7
"Be #positive, #cheerful, #grateful and expectant. @NightingaleEarl  #Success #Leadership",joy,0.7
"We are elated to have @lisavol, Sid Espinosa and @dyuliharris, ready to inspire innovative students!!  @knightfdn @MicrosoftSV @JessicaWeare",joy,0.7
@Norn_IronMaiden @forest_fr1ends Its hilarious,joy,0.6940000000000001
"Its not that the man did not know how to juggle, he just didnt have the balls to do it.\n #funny #pun #punny #lol ",joy,0.688
#ukedchat A4 Just go outside (or to the gym hall) and play! \n #education  #learning,joy,0.688
"And by the way, Takerus eyes sparkling while eating was like the cutest thing ever.",joy,0.688
#ContentwiththeLordsPortion:O satisfy us early with thy #mercy;that we may #rejoice &amp; be glad all our days.#Ps 90:14 #gladness #joy ,joy,0.688
@JamieNicks_ it makes complete sense and im elated to hear this :],joy,0.688
@liamch88 yeah! :) playing well ,joy,0.688
@Olajide_Shutti lmaoo. It will be a joyful day.,joy,0.688
Thank you @RachelPlatten for teaching me how to live again. Its been so long since &amp; this ride is about to be exhilarating. I just know it,joy,0.68
Day 3 of #harvest16 - listening to the sound of the chopper working its way closer to home at @mountaindairy makes me #happy. #farm365,joy,0.68
@dressenn @amerson6562 @RosaTrunk @iam_spl_ @michaelk487 @Silau25 \nGA Have a joyful day,joy,0.68
Yo this 3 v 3 overtime in hockey got me sweaty damn this ish exhilarating,joy,0.68
What an exhilarating last minute of overtime #WCH2016,joy,0.68
Day 9 and I am elated because Im taking PTO tomorrow so Im doneeeee. But:,joy,0.68
"Ooh #hygge, candles, jasmine tea &amp; #GBBO ",joy,0.68
.@Travelanswerman: When U ride on a pile of salt life is extra sweet! Always salty always savory! #surfing #aloha #smiling ,joy,0.68
Its a beautiful day today. Cloudy but sunny and breezy.,joy,0.6729999999999999
@jimadair3 Guitar shop owners everywhere rejoice,joy,0.667
A joyous first webiversary/web mitzvah to Smithsonians @WeiPoints!! @brianwolly @jackie_mansky @bethpylieberman @bilbo @mazeltov,joy,0.667
@lennyabrahamson May I send you a copy of #HeroTheGreyhound? Either e-book or real paper one! A boy and a greyhound #smiles #tears #laughter,joy,0.667
Look forward to the detours because they bring delightful surprises. #lifequote ,joy,0.667
"@followAdamA looking back on recent tweets seen, this one right here is great #perfect  #Speechless #deal",joy,0.667
Getting cable hooked up in new place just in time for @NBCChicagoPD and @NBCChicagoMed premiers is like God smiling down on me. #OneChicago,joy,0.667
"@mediacrooks @thenewshour @LodhiMaleeha @ndtv @IndiaToday This is hilarious ! Not a Freudian slip, eh !",joy,0.667
Watch this amazing live.ly broadcast by @izzybuzy365  #musically,joy,0.667
My siblings look all gangster &amp; I look all cheery ,joy,0.667
@sidviyer uff!! Look at your Arsenal fans cheering for every goal against United. haha,joy,0.667
"@HytheHighborne -Sylvia was elated to receive kisses from the little prince, her bright smile clear as she glanced to Garrett and Elyse- --",joy,0.667
There is something v satisfying about  opening an old to do.doc file and being able to check off all the things you have done #smiling,joy,0.667
"If you have the ability to make someone happy or to make someone #smile, do it! The world needs more of that right about now. #CreateLove ",joy,0.66
"@BlueJayHunter Im fine on the near future, I just want to go to bed super elated and put together audio compilations of great moments.",joy,0.66
Time to go hit up the library - I have a lovely PILE of book reservations to collect this morning... #glee #books #reading,joy,0.66
"if you aint watching Sugarboy on Hulu, then you aint shit. #hilarious hahaha",joy,0.66
@TampaBayRay I cried with laughter.,joy,0.66
"Im due for a big change! Ive prayed on it, I think I deserve it #positivity #optimism",joy,0.66
@R1Breakfast Totes had to re-listen to the endless hilarity that was Tom Odells raaar this morning  @grimmers @fionaradio @TinaDaheley,joy,0.66
"Its finally raining in Ashland, Oregon. Weve been parched all summer &amp; fall. The plants &amp; people are rejoicing!",joy,0.66
tfw youre en-route to your future :) !! @HUCJIR im coming for ya! #openhouse #futurecantor #exhilarating #NYCletsgo,joy,0.657
@reinervshunter you got this #staystrong #smile #yourebeautiful,joy,0.6559999999999999
Its Thursday which means its Greys day #TGIT ,joy,0.6559999999999999
Watch this amazing live.ly broadcast by @brooke_bridges  #musically,joy,0.655
The current run of superman continues to be a delight! You can feel the love poured into it by everone on the creative team #superman,joy,0.654
I am always ready to #smile.,joy,0.654
"Riding at night has got to be one of the most exhilarating, refreshing things I have ever done.",joy,0.654
"Lmboo , using my nephew for meme #hilarious",joy,0.654
@sszmata @PKessel81 Blew up the Internet with his chirp. Lol. Love it.,joy,0.6459999999999999
Thinking about trying some comedy on youtube. Always been fond of it. Time to nut up. #laughter #comedy #maybeoneday #hopefullyfunny #LOL,joy,0.6459999999999999
"I like talking to someone who makes me laugh, laughter is the best medicine",joy,0.6459999999999999
"Lmboo , using my nephew for meme ",joy,0.6459999999999999
"Loved @Bethenny independence msg on @WendyWilliams, be happy &amp; fulfilled within yourself &amp; positivity will flock to you #happy #independent",joy,0.6459999999999999
Watch this amazing live.ly broadcast by @katyy.mae #lively #musically,joy,0.6459999999999999
"#personaldevelopment\n\nToday is a gift, thats why its called the present... #happiness #optimism #entrepreneur #personaldevelopment ",joy,0.6459999999999999
Bunk ur class at least once in your life time cuz later when u look back good marks will not make u happy but memories will    -APJ,joy,0.6459999999999999
"@Nikhilv95 @LydiajaneF I wish, I really, truly wish, that I had just a modicum of your banter. #hilarious",joy,0.6459999999999999
Am I watching #BacheloretteAU or Zoolander ? #hilarious #samvrhys,joy,0.6459999999999999
@scdesc Yup. And Val basically ignoring the recipe. Im just done. I keep bursting into laughter x,joy,0.6459999999999999
"Be happy not because everything is good, but because you can see the good side of everything  #optimism",joy,0.6459999999999999
the fact everyone is selling their kanye tickets or are buying them for less than $50 is unbelievably hilarious to me,joy,0.6459999999999999
@bradshawjp Sweet! ,joy,0.6459999999999999
"He showed us a really lively performance, with a lot of different emotions, not just sticking to one. And thats freaking awesome.",joy,0.6459999999999999
@Nick_Offerman Ill be there!! Cant wait for all the #mirth!,joy,0.6459999999999999
Icon is pochama.\nHe is very cute and easily elated.,joy,0.64
@crimpoop my adorable and cheerful daughter\nAlways pouring positivity green goo on me\ndare hurt her and youll see hell //growls\n\n#PandaBot,joy,0.64
Remember: The life you have is a blessing for #God. Make it a joyful experience regardless of the odds. GBY,joy,0.64
@chrisrock brings back great memories of hilarity on #SATURDAYNIGHTLIVE,joy,0.64
The neighbor dancing in the Clayton Homes commercial is me. #hilarious,joy,0.64
All in all a pleasing night down The Lane .  .  .  On to the next round &amp; bring on Liverpool at Anfield! #COYS,joy,0.625
@AlbertBreer @jetswhispers Be sure and switch it over to cable news - cheery,joy,0.625
"If you simply act out of kindness, strength, and optimism, today will be the best day ever! @Tarleton_KINE @DrKaylaPeak @jssimpson9",joy,0.625
@beingbrilliant @johnmurrays youre welcome. Its genuinely made me give my head a wobble and realise whats important in life.  #smiling,joy,0.625
@liamch88 yeah! :) playing well #optimism,joy,0.625
Why have I only just started watching glee this week I am now addicted  #glee #GLEEK,joy,0.625
@RealKyper @NHL watching the jubilant scrum at the end of the day and remembering theyre all still kids! #priceless,joy,0.625
chirp chirp! what a beautiful white and red bird! ,joy,0.625
15 minutes of yoga to your breakfast routine will change your day #preparation #sunriseyoga #bodyawareness #health #yoga #smile #stretch,joy,0.625
@sydneyswans #cheer #cheer the #red and #white we are now off to #grand final to #win the #fight. Thanks @JetstarAirways,joy,0.625
"Its not that the man did not know how to juggle, he just didnt have the balls to do it.\n #funny #pun #lol  #punny",joy,0.625
Watch this amazing live.ly broadcast by @iamjustinburke #lively #musically,joy,0.625
"@deadlyjokester *she let out a playful gasp and slowly wrapped her arms around his neck, kissing him back*",joy,0.62
"The T.I / Shawty Lo beef is one of the more underrated ones in hip-hop history. Chock-full of wit, bravado and hilarity.",joy,0.62
"Just popped a half bottle of 2014 @Bellawines #sparkling #gamaynoir from Westbank. Evenin, folks! \n#bcwinechat",joy,0.62
Omg Im outside making beats with garageband and some little birds  decided to chirp along ,joy,0.62
Go follow me on Musically @budderlordk1ng I am making a lively. Come and join BFFing and Following ;) See you there!,joy,0.62
@adamrodricks I like your optimism!,joy,0.62
Ryan Gosling and Eva Mendes finally  ; B joyful an funny/dont boss/dont argue/do everything with kids/go on mini car trips/ focus on love,joy,0.62
"God just replaced my sadness with laughter, cant go the whole day sad ...",joy,0.615
A hearty welcome to those who followed me.,joy,0.615
In ever use to like smiling until I realized how good my teeth look ... Witout the braces,joy,0.613
@saraandgreg @Airbnb Another happy customer.  #secreteyes,joy,0.611
I just heard the most incredibly transcendent song ever &amp; now I feel high &amp; fucked up yet joyful &amp; I will never be the same,joy,0.607
"Elinor, she laughed so little known, all over every body at the brilliant cheerfulness of sweetmeats and a fashion.",joy,0.604
Only Geo is capable of cheering me up,joy,0.604
@MericanMainer AWW. I had a Maine Coon when I was little named Ted Eddy the Wonder Cat. Theyre such good cats! Very playful and sweet,joy,0.604
Make someone happy ^_^,joy,0.604
What if.... the Metro LRT went over the Walterdale?!?!  #yeg ,joy,0.604
Go follow #beautiful #Snowgang @Amynicolehill12  #Princess #fitness #bodyposi #haircut #smile #Whitegirlwednesday,joy,0.604
felt a bit shit getting a very high blood sugar then i remembered its my first one above 15 this week which is incredible for me! #happy,joy,0.604
@TheeCurrentYear @Sargon_of_Akkad this is too much hilarity for one day,joy,0.604
"Being a veteran just totally got me out of a ticket. Im elated right now, close call.",joy,0.604
*violently screams at the four winds* WE AINT EVER GETTING OLDER *cute jovial rhythm starts* *moves hips along and waves arms in the air*,joy,0.604
"Its not that the man did not know how to juggle, he just didnt have the balls to do it. \n #funny #pun #punny #lol ",joy,0.604
There is something v satisfying about  opening an old to do.doc file and being able to check off all the things you have done ,joy,0.602
Rojo is so bad its hilarious.,joy,0.6
"Im due for a big change! Ive prayed on it, I think I deserve it #positivity ",joy,0.6
Watch this amazing live.ly broadcast by @kaylaaa_sartorious #lively #musically,joy,0.6
".@Harry_Styles I hope you never go a day without something to make you smile. You deserve all good things. Please follow me?\n\n311,553",joy,0.6
@_stfukohle its ok champ youll make it Im cheering you on from a far,joy,0.6
Rojo is hilarious,joy,0.6
Im so playful. lol I need somebody thatll joke with me all day long cause ill never get tired of it.,joy,0.6
@LFScott57 Miss Cookie sends her thanks! Shes not as spry as she used to be - like me! She doesnt have the adventures the young pups do!,joy,0.6
Its better to be wetter than it is dry - @RLevin91 certainly found that hilarious #GBBO,joy,0.6
"Its not that the man did not know how to juggle, he just didnt have the balls to do it.\n #funny #pun #punny  #lol",joy,0.596
"Ooh #hygge, candles, jasmine tea &amp; #GBBO #happy",joy,0.593
"@my2k aaa Cam animated that, so proud of our boy",joy,0.583
@safaridjh but its so aesthetically pleasing omg,joy,0.583
"#Followback Quote_Soup: Be happy not because everything is good, but because you can see the good side of everything. ",joy,0.583
Peter is aesthetically pleasing to look at,joy,0.583
"Loved @Bethenny independence msg on @WendyWilliams, be happy &amp; fulfilled within yourself &amp; positivity will flock to you  #independent",joy,0.583
I thought I got mad for anything but my bf gets mad over any little thing lmfao shit be hilarious,joy,0.583
@KWAYNTjoia its exhilarating,joy,0.583
So happy my next class is canceled bc..im od tired ,joy,0.583
Optimism leads to success. - Bill Kerr @Coach__Kerr #success  #goals,joy,0.583
Its meant to be!!  ,joy,0.583
#smile is the #respect we give everyone.,joy,0.583
Not untill today has anyone ever said to me they remember what I had on over 7 years ago when they met me n liked me since #cutealert #happy,joy,0.58
The object of literature is to make man a wiser and happier being. The poet makes us happy because he tells us how we may become so.,joy,0.58
Watching Avatar and wondering why I took so long to watch this *collapses in a joyous heap*,joy,0.58
@DuncM1981 @pmallon72 At the risk of being blocked I thought that video from the wake was hilarious.,joy,0.58
I want the smoky clouds of laughter to swim about you forever more..,joy,0.58
Im a cheery ghost.,joy,0.58
Watch this amazing live.ly broadcast by @elise_awsome_11 #lively #musically,joy,0.58
Watch this amazing live.ly broadcast by @footballrocks123456 #lively #musically,joy,0.58
Watch this amazing live.ly broadcast by @maisiev  #musically,joy,0.578
"@AJStylesOrg I know they have you a scripted ego maniac but, I was so elated to hear that you are a devout Christian like myself. Phenomanal",joy,0.5770000000000001
"@alyankovic I really wish I could attend the show at RCMH. Im there in spirit, cheering you and the dudes on! :)",joy,0.5770000000000001
@Dubai92 try asking for a cheeseburger with only onion &amp; mustard at any #McDonalds #hilarious,joy,0.5670000000000001
Accept the challenges so that you can feel the exhilaration of victory. #FocusX10 #motivation #motivationalquotes #quoteoftheday,joy,0.562
Watch this amazing live.ly broadcast by @flydudern  #musically,joy,0.562
"You know whats great about #GBBO ? Contestants helping each other, cheering each other on. So important.",joy,0.562
Accept the challenges so that you can feel the exhilaration of victory.,joy,0.562
@kymwhitley hello Miss Lady Im sure today brings you happiness and laughter use your voice also to make us laugh  god knows we need it,joy,0.562
Thank you @twitter for the balloons today.  #goodday #48,joy,0.562
"@LoisJoanneLane Wagging his tail at the praise, he paused, tilting his head as she took the frisbee from him, letting out a playful -",joy,0.562
Kayaking is merriment together with sevylor inflatable kayaks: eYGgJxMl,joy,0.562
"Knowing how to cook is invaluable, whats even better is that even in a 400 sq ft place, I have wide and hearty homestyle egg noodles.",joy,0.562
Watch this amazing live.ly broadcast by @footballrocks123456  #musically,joy,0.562
Do what makes you successful and #happy now and forever,joy,0.562
I love Marys undying optimism. You could present her with dog shite and shed find something good to say. #GBBO,joy,0.562
Use your smile to change the world. Dont let the world change your smile. #quote #actorslife #smile #love #hardworkpaysoff #fun,joy,0.562
#smile every morning to a positive head start with your #clients relations,joy,0.562
@MoAmali @awosss @Arsenalman2011 listen I dnt subscribe to this team coq Team xhaka stuff. I like all our players. Depth has me elated,joy,0.562
Watch this amazing live.ly broadcast by @hannah..mccloud #lively #musically,joy,0.562
"And the weather so breezy, man why cant life always be this easy",joy,0.562
"Of cheerfulness, or a good temper - the more it is spent, the more of it remains.",joy,0.56
Watch this amazing live.ly broadcast by @mrgummyking #lively #musically,joy,0.56
Watch this amazing live.ly broadcast by @rosannahill #lively #musically,joy,0.56
Recd call 2day from Haitian church we started in Florida some 15yrs ago. Preparing to acquire their own bldg. Wanted me to know. #rejoicing,joy,0.56
"Theres a specific joyous 20 song title engiybhekayo, yasezayoni. Need it for le mood",joy,0.56
promise of restoration to the nation of israel...everywhere you look blessing ..barns/wine overflow.Everything beautiful  #do_u_see,joy,0.56
Look forward to the detours because they bring delightful surprises. #lifequote #delight,joy,0.56
Watch this amazing live.ly broadcast by @paulzimmer #lively #musically,joy,0.56
talk about a mood pickup i went from depressed to elated so fast,joy,0.56
Finn singing Cant Fight This Feeling in the shower and Will spying on him is one of the best scenes on any show. ,joy,0.56
@NHLstoreNYC Im cheering for @TeamNA_WCH and @TeamEUR_WCH #NHLNYCSweepstakes,joy,0.56
Watch this amazing live.ly broadcast by @evanhufferd #lively #musically,joy,0.56
@bradshawjp Sweet! #optimism,joy,0.56
Finn singing Cant Fight This Feeling in the shower and Will spying on him is one of the best scenes on any show. #glee,joy,0.56
tfw youre en-route to your future :) !! @HUCJIR im coming for ya! #openhouse #futurecantor  #NYCletsgo,joy,0.56
Its Thursday which means its Greys day #TGIT #rejoice,joy,0.56
Watch this amazing live.ly broadcast by @kana_blender  #musically,joy,0.5579999999999999
@ofc_ALDUBQC Glad you gained some cheery vibes just by looking at our Happy Meal! ,joy,0.5579999999999999
I found #marmite in Australia. `:) ,joy,0.5579999999999999
Watch this amazing live.ly broadcast by @huntermcaseyy  #musically,joy,0.5579999999999999
"@5ftanomaly aside from that im all about pleasing the individual that im involved with, my pleasure comes from their pleasure.",joy,0.5579999999999999
mustache_harbor: TiburonChamber plus a hearty pour of #yachtrock by #mustacheharbor !,joy,0.55
@jaime_scurr: any team in the world would be totally elated to get to have you on it XD,joy,0.547
Tonight my top delight was a Skein of Geese flying about 1 foot above me as I swam in #Windermere. Breeze dropped &amp; it became like glass.,joy,0.544
" to reveal a broad smile. \n\nYeah, its nice. \n\nPursing his lips, he stifled his joyous expression in order \n\n[@AVIATAUBE].",joy,0.542
theLordturn his face toward you and give you peace. Numbers 6:26 #truth #trust #promise #calm #justice #great #mighty #protected #delight,joy,0.542
Watch this amazing live.ly broadcast by @its.finfin #lively #musically,joy,0.542
Watch this amazing live.ly broadcast by @iamjustinburke  #musically,joy,0.542
@Rbrutti what a #happy looking #couple !,joy,0.542
Punchline king is back! @Paedeezy  #bright city lights,joy,0.542
@lawson__lynch my kinda girl pleasing the dick right,joy,0.542
Catering channels at the height technics hearty enjoyment symptomatize: vrlfEyrN,joy,0.542
Watch this amazing live.ly broadcast by @maisiev #lively #musically,joy,0.542
"her fingers slide along your thighs, caressing the skin before shes leaning down, down, down and the first lick is teasing n playful.",joy,0.54
@doctorofinfo I was just introducing a little levity to the convo. Yep!,joy,0.54
@INCIndia Oh please! INC talking about looting! Im not saying #BJP is pure but this is such a #hilarious #irony! @BJP4India is def better!,joy,0.54
For a moment I found myself smiling,joy,0.54
@globemartyk drunken patroons make this whole situation much more jovial though.,joy,0.54
Watch this amazing live.ly broadcast by @flydudern #lively #musically,joy,0.5379999999999999
"@PersephoneOD Her cheerful voice echoed through the grand, familiar home, a smile blossoming on my rosy brims, Mom. I reciprocated the --",joy,0.537
"Just watched Django Unchained, Other people may frown, but I titter in delight! 2/5",joy,0.536
My future must be bright af.,joy,0.536
"She gave a playful wink, taking the goggles off her head, swinging them around her finger. I would never~ @VerminEngineer",joy,0.534
Watch this amazing live.ly broadcast by @elise_awsome_11  #musically,joy,0.5329999999999999
Live simply. Dream big. Be grateful. Give love. Laugh lots. - Unknown #quote #inspiration ,joy,0.522
"On the bright side, my music theory teacher just pocket dabbed and said, I know whats hip. And walked away ",joy,0.521
Watch this amazing live.ly broadcast by @paulzimmer  #musically,joy,0.521
"@yoursecretsub1 Trust me dear, if you want to make anything invisible, hang a wet paint on it, and hilarity will ensue.",joy,0.521
Watch this amazing live.ly broadcast by @swagrman_fan  #musically,joy,0.521
"Vacation wise, Egypt offers great places, amazing scenery, bright skies and good weather at a very good and affordable price for students.",joy,0.521
Gotta hit up breezy every day to make sure hes breaking in my boots. First class friend right there,joy,0.521
Watch this amazing live.ly broadcast by @kaylaaa_sartorious  #musically,joy,0.521
15 minutes of yoga to your breakfast routine will change your day #preparation #sunriseyoga #bodyawareness #health #yoga  #stretch,joy,0.521
Watch this amazing live.ly broadcast by @jaredhorgan  #musically,joy,0.521
"Quote_Soup: Be happy not because everything is good, but because you can see the good side of everything. #optimism",joy,0.521
Every single problem we ever face can be solved with a nice blend patience and optimism,joy,0.521
Transitioning to a new job is hard when you have nothing but joyful memories of the previous one. Thanks @LifeTeen for changing my life! ,joy,0.521
"Accept the challenges, So that you may feel the exhilaration of victory.\n\nTOMIHO IpaglabanMo TapingDay2",joy,0.521
@BattleSmitten \n\nother begin telling a story he realized that she was making an attempt at cheering him up. It was sweet of her and so ,joy,0.521
Time to go hit up the library - I have a lovely PILE of book reservations to collect this morning...  #books #reading,joy,0.521
Not untill today has anyone ever said to me they remember what I had on over 7 years ago when they met me n liked me since #cutealert ,joy,0.521
It is no coincidence that Lacan recorded infants jubilant reactions to their mirror images in the noise.,joy,0.52
"Be happy. Be who you want to be. If others dont like it, then let them be. Happiness is a choice. Life isnt about pleasing everybody....",joy,0.52
Accept the challenges so that you can feel the exhilaration of victory!!,joy,0.52
"Another joyful encounter in Tribez &amp; Castlez! I just met Mouchole, Ogre Cook! Do you want to know who that is? Download the game and find...",joy,0.52
@bodwell_james did it not just enliven your soul,joy,0.52
A non-permissive environment is also called a battleground - #MilSpeak #hilarious,joy,0.52
"@samvirwin fancy! I have some of those and I have never put them up, I should do that. Also, I vote jaunty angles then no one will judge",joy,0.52
@sportinglifecan I keep a down vest or sweater in my pack year round! Helps on chilly mornings or breezy mountain tops! #mysportinglife,joy,0.52
@BertGatti not had much to cheer about you see ,joy,0.52
Watch this amazing live.ly broadcast by @haythatjamile8  #musically,joy,0.519
"Its not that the man did not know how to juggle, he just didnt have the balls to do it. \n#funny #pun #punny #lol #hilarious",joy,0.519
@kevinmenzel annual reminder that i dont care and will cheerfully eat anything so labeled,joy,0.519
Watch this amazing live.ly broadcast by @huntermcaseyy #lively #musically,joy,0.519
"@gypsydragoness wrinkling up. Well now, looks here like your name starts with the letter G, eh? The man smiled up and gave a hearty +",joy,0.519
Watch this amazing live.ly broadcast by @izzybuzy365 #lively #musically,joy,0.51
@__PeterPanda yes bro its actually breezy,joy,0.509
- the joyous occasion of laughing at the ostentatious display of disrespect. Bruce just scoffed at the entire scene. This wasnt Batmans -,joy,0.5
@RobRiggle @joelmchale @NFLonFOX I still cant get jimmy garoppolo out of my head and its been almost 3 weeks. Thanks a lot! ,joy,0.5
@ardit_haliti Im so gutted. I loved her cheery disposition.,joy,0.5
When youre prof suggest @Pharrell and William James may be unlikely dialogue partners and then plays the #happy video #WeAreCST,joy,0.5
"The return of Matt Damon, and of director Paul Greengrass, brings back all the exhilarating if rather po-faced entertainment to a movie",joy,0.5
Thinking about trying some comedy on youtube. Always been fond of it. Time to nut up.  #comedy #maybeoneday #hopefullyfunny #LOL,joy,0.5
"@ClaireBlair27 See, thats how you and Michelle are so cheery!",joy,0.5
Watch this amazing live.ly broadcast by @brooke_bridges #lively #musically,joy,0.5
#LMFAO @MSNBC s #racepimp Tamron Hall used the words fscts and MSNBC in the same sentence #hilarity #libtard #biasedmedia #neverHillary,joy,0.5
Accept the challenges so that you can feel the exhilaration of victory. - George S. Patton,joy,0.5
promise of restoration to the nation of israel...everywhere you look blessing ..barns/wine overflow.Everything beautiful #joyful #do_u_see,joy,0.5
@biggerthanyuu Hes flushed upon hearing the feeling is reciprocated. Hes elated to shove himself right into his arms and hug him tightly.+,joy,0.5
Why have I only just started watching glee this week I am now addicted   #GLEEK,joy,0.5
I aspire to have Vals self confidence and optimism tbh  #GBBO,joy,0.5
"I can not depict what I feel right now.. I feel jubilant yet anxious, or..dunno. It seems like now Im having something worth wait everyday.",joy,0.5
"@bijayjanand\nIts not just a treat for viewers to watch u as janak, its simply a treat for our soul, mind, thoughts. #hearty respect ",joy,0.5
Just now we were rejoicing that we finally won a match the draw just revealed that we are facing city next. This life sef,joy,0.5
@AimiSyafiqahR go check up with your bf. Hell give u strength with just one smile. #TOPno1,joy,0.5
"Charlotte and a friend just climbed to the top of a windmill! Think the view was easy, breezy, beautiful? @PlayHollywoodU",joy,0.5
Omg. Youve got to watch the new series This is Us.....wow. Best tv show Ive seen in a long time.\n #tears  #moretears,joy,0.5
Watch this amazing live.ly broadcast by @katyy.mae  #musically,joy,0.5
Watch this amazing live.ly broadcast by @hannah..mccloud  #musically,joy,0.5
What if.... the Metro LRT went over the Walterdale?!?!  #yeg #levity,joy,0.5
@DailyMailCeleb @KTHopkins Katie I love how you describe yourself as normal. Really youre anything but! #hilarious #neverchange,joy,0.5
Watch this amazing live.ly broadcast by @kana_blender #lively #musically,joy,0.5
@TiburonChamber plus a hearty pour of #yachtrock by #mustacheharbor !,joy,0.5
@u4uzoma Boss I see you as someone that is jovial and funny. Tho av not met u in person.,joy,0.5
"@carysmithwriter @Maria_Savva @RealRockAndRoll Were the least known band in the World, but so glad you asked #muchlove ",joy,0.5
#Talking about our #Problems is our greatest #Addiction#Break the #habitTalk about ur #Joys#quote  #problemsolving #behappy,joy,0.494
"@nw_autonate \n\n*She held the back of his skull, smiling into the kiss.*",joy,0.483
Watch this amazing live.ly broadcast by @ittzdevin  #musically,joy,0.483
Watch this amazing live.ly broadcast by @__.mila.__ #lively #musically,joy,0.48200000000000004
Watch this amazing live.ly broadcast by @swagrman_fan #lively #musically,joy,0.48100000000000004
#ukedchat A4 Just go outside (or to the gym hall) and play! \n#education #playful #learning,joy,0.48100000000000004
it was both lively &amp; lovely @crumblepie15 @buryprofs @DittoBistro #BuffnPolish,joy,0.48
@jessbr0ughton dont be shy next time! Were a cheery bunch. :) \n\nSam. X,joy,0.48
"To insure good health: Eat lightly, breathe deeply, live moderately, cultivate cheerfulness, and maintain an interest in life.",joy,0.48
"@Chr1sMcLaughlin hes brilliant, lost the joyous plot with us that year. Admits being a fan now after that.",joy,0.48
It has been medically proven that laughter is an effective pain killer.,joy,0.48
@ashleynwinters I dont like the statement but I love the optimism,joy,0.48
Ive got some new pens to break in. Name an animated series and Ill draw you in that style ,joy,0.48
felt a bit shit getting a very high blood sugar then i remembered its my first one above 15 this week which is incredible for me! ,joy,0.48
@UKLittleKitchen Defo a hearty root veg gratin. Nice comfort food as Autumn kicks in,joy,0.48
@Corsair those sparkling looks like a gay vampire ,joy,0.48
"Yahweh your God is among you, a warrior who saves. He will rejoice over you with gladness.",joy,0.48
Watch this amazing live.ly broadcast by @jaredhorgan #lively #musically,joy,0.48
Always doing the EmotionalHedge w #WPS\n\nIm elated about start.  Have I mentioned Im on TAMU -6?!,joy,0.48
Watch this amazing live.ly broadcast by @thebrandonrobert  #musically,joy,0.48
Watch this amazing live.ly broadcast by @broitzmax #lively #musically,joy,0.48
Relive Vegas heyday with Rat Pack tribute,joy,0.48
I wish there was a #glee version of @ShawnMendes Stitches. @GLEEonFOX #gleekforever,joy,0.48
i fix a clever ritual to make you feel frolicsome,joy,0.48
Panda eyed jaunty after watching jaws until late!,joy,0.48
Watch this amazing live.ly broadcast by @broitzmax  #musically,joy,0.48
A cheerful heart is an unending banquet.-Proverbs (Mishle) 15:16,joy,0.48
"Anyone know how the #Mariners did today? The mood here seems strangely jubilant! As Meatloaf says, 2 out of 3 aint bad, unless you win one!",joy,0.48
@DailyMailCeleb @KTHopkins Katie I love how you describe yourself as normal. Really youre anything but!  #neverchange,joy,0.479
My friend just messaged me ugh Im so hungry I cant wait for breakfast #socialmedia #WineWednesday  #funny #laughing ,joy,0.479
"Quote_Soup: Be happy not because everything is good, but because you can see the good side of everything. ",joy,0.479
"repentance, and trusting in Christ. It is lowly and painful, but it is also joyous, peaceful, and absolutely glorious. (2/2)",joy,0.479
Watch this amazing live.ly broadcast by @brooks_swaggysquad #lively #musically,joy,0.479
@AQpk which was worse than expected and hilarious too. no one will even remember.,joy,0.479
Watch this amazing live.ly broadcast by @matt.boss #lively #musicallyjh,joy,0.479
Queen Bey will be smiling over sixth this afternoon,joy,0.479
"@carysmithwriter @Maria_Savva @RealRockAndRoll Were the least known band in the World, but so glad you asked #muchlove #hilarious",joy,0.479
@RapeseedOilFans \nWho nose where those scent roses went\nTo a spot in the Orient\nMummified\nIn rapeseed oil fried\nEating drinking &amp; merriment.,joy,0.479
"When something makes you excited, terrified, thrilled, nervous, elated &amp; like youve been kicked in the guts all at once. Need word for that",joy,0.479
"@Nekudere oh ok, yeah I felt dumb like I think I would have known if it was animated at least lmao",joy,0.479
@LoriAlan1 Seriously. Digging those eyebrows. ,joy,0.479
@FullTimeDEVILS Memphis looking bright. Rojo looking like Rojo.,joy,0.473
@ESPNLosAngeles best segment so far by @marcelluswiley @Kdubblive  hilarity,joy,0.46799999999999997
Taguchi engineering fashionable hale and hearty little game optimization: MqnAOcU,joy,0.462
Watch this amazing live.ly broadcast by @arbitraryvlog  #musically,joy,0.462
"Update: I have yet to hang out with @MisElizaJane, but Im still hopeful! #optimism",joy,0.462
@aradsliff dont know Im from nj we are the worst on purpose. #laughter,joy,0.462
*ZETH voice*: Hit The Target \n (holds up upside down cheering towel),joy,0.462
Benefit out exhilaration called online backing off: JkUVmvQXY,joy,0.462
Optimism leads to success. - Bill Kerr @Coach__Kerr #success #optimism #goals,joy,0.46
"@AphoticSanguine but be a little playful. \n\nHe hesitantly pulls away, just enough so he could get words out, lips brushing against",joy,0.46
"When we give cheerfully and accept gratefully, everyone is blessed.Maya Angelou",joy,0.46
@LoriAlan1 Seriously. Digging those eyebrows. #animated,joy,0.46
me taking a picture by myself: *awkward smile*\nme on picture day: *awkward smile*\nconclusion: stop smiling ;(\n #pictureday2016  #ornot,joy,0.46
"#Followback Quote_Soup: Be happy not because everything is good, but because you can see the good side of everything. #optimism",joy,0.46
Watch this amazing live.ly broadcast by @rosannahill  #musically,joy,0.45899999999999996
I assume that people pick up on my joviality coz I lol a lot but its just not working. Maybe I need to get heavy handed with emoticons? Ha,joy,0.45799999999999996
Your lions heart\nWill protect you under stormy skies\nAnd I will always be listening for your laughter and your tears,joy,0.45799999999999996
@LPDonovan this is why I think his pre prepped debate answers have the potential for hilarity,joy,0.45799999999999996
Watch this amazing live.ly broadcast by @__.mila.__  #musically,joy,0.45799999999999996
Watch this amazing live.ly broadcast by @mrgummyking  #musically,joy,0.45799999999999996
"To all who follow me, whether weve ever talked or not hope you have a joyous life. Goodbye.",joy,0.45799999999999996
"Whether you are rejoicing or fighting back tears, God wants to share the moment with you.",joy,0.45799999999999996
Watch this amazing live.ly broadcast by @thebrandonrobert #lively #musically,joy,0.45799999999999996
Watch this amazing live.ly broadcast by @its.finfin  #musically,joy,0.45799999999999996
@thetwattickla @NottRihanna lol no its sparkling wine,joy,0.45799999999999996
@DipstickDipper \nIts alright! She said cheerfully trying to make the moment fun,joy,0.45799999999999996
@rosyIipH glee glee glee glee gLEE GLEE i LOST LOST LOST lowe much,joy,0.45799999999999996
Watch this amazing live.ly broadcast by @evanhufferd  #musically,joy,0.452
Watch this amazing live.ly broadcast by @ittzdevin #lively #musically,joy,0.449
And you as well! #sparkling @cherebork @MelissaJoyRD @SarahKoszykRD @eat4performance @rustnutrition @jenhaugen,joy,0.444
A cheerful sloth annotated old books about a very good man then the gods ended evil.,joy,0.442
"@chenaidavid easy, breezy, beautiful rasta mon",joy,0.44
Accept the challenges so that you can feel the exhilaration of victory. -George S. Patton,joy,0.44
"When we give cheerfully and accept gratefully, everyone is blessed.\nMaya Angelou\n\n@DrMayaAngelou #RIP #MayaAngelou",joy,0.44
"The human race has one really effective weapon, and that is laughter. -- Mark Twain",joy,0.44
"@IndieWire @cinemaeyehonors #WaltzWithBashir was incredible, tho I think its more of an #animated film than #documentary about #Lebanon war",joy,0.44
A good thing about being sick is that coughing is like an ab workout. Maybe my abs will be more defined by the time Im better  ,joy,0.44
@OilersFanSean yup I feel dirty cheering,joy,0.44
Possible magazines over against put with versus thy joviality conjunction shower quotient sufficiently: BQAvtja,joy,0.44
"Just like there is a right way to pray, there is a right way to give - not grudgingly or of necessity, but cheerfully. #woficc",joy,0.44
"@JoshuaLenon I trust you know that I appreciate your willingness to explain the details, and my attempt at levity is just that. @bobambrogi",joy,0.44
Check out this #film Robocoq 301 #animated #shortfilms,joy,0.44
A good thing about being sick is that coughing is like an ab workout. Maybe my abs will be more defined by the time Im better  #optimism,joy,0.43799999999999994
im doing laundry and watching that 70s show with a bunch of strangers. #happy #birthday #to #me,joy,0.43799999999999994
The neighbor dancing in the Clayton Homes commercial is me. ,joy,0.43799999999999994
"@DKTaylorWriter I thought that was funny, too. But maybe not such a coincidence. Green must be the official color of optimism.",joy,0.43799999999999994
It breaks my heart seeing people down or upset.. I will try my best to make them smile or cheer them up ,joy,0.43799999999999994
@buzzlightbeard2 If you dont love yourself... Honesty is the best policy #smile,joy,0.43799999999999994
@philjame5 @spoke_bros wow! that looks bright,joy,0.43799999999999994
"So is cheerfulness, or a good temper, the more it is spent, the more remains. Ralph Waldo Emerson",joy,0.43799999999999994
@smoothkobra after such a heavy 2 days this has given much needed levity. Thanks bro,joy,0.43799999999999994
Never make a #decision when youre #angry and never make a #promise when youre #happy. #wisewords,joy,0.43799999999999994
Evening all. Dont forget its #RobinHoodHour TONIGHT \n\n #bizitalk #bizhour #southyorkshire #MansfieldHour  #sheffieldHour #NottsHour,joy,0.43799999999999994
A decent sleep makes Kurt a happy soldier. Spit &amp; polish the converse men. chests out and baseball caps at a jaunty angle.,joy,0.43799999999999994
I #rejoice in following your statutes as one rejoices in great riches. -Psalm 119:14 #TheBible,joy,0.434
"Dont burn out; keep yourselves fueled and aflame. Be alert servants of the Master, cheerfully expectant. Romans 12:11-12",joy,0.433
im doing laundry and watching that 70s show with a bunch of strangers.  #birthday #to #me,joy,0.42
"I think what 2016 to really needs to round it out is a @cthulhu4america vs @smod2016 twitter debate. End on something joyful, ya know?.",joy,0.42
"I saw her, whose countenance expressed a mighty rivers were monotonous, and her lively conversation took care of the various",joy,0.42
Im really hitting all flavors of my sparkling water rap. But you know whats tripping me out? These half French and Spanish flavors.,joy,0.42
Twitter is a font of endless hilarity.,joy,0.42
@tunaeP_ cheer up,joy,0.42
He maketh the #barren woman to keep house &amp; to be a #joyful mother of children\nPraise ye the Lord\nPsa113:9,joy,0.42
Watch this amazing live.ly broadcast by @arbitraryvlog #lively #musically,joy,0.41700000000000004
@PeanutRD @MelissaJoyRD @SarahKoszykRD @eat4performance @rustnutrition @jenhaugen  hey #sparkling is the word I just picked 4 my biz card,joy,0.41700000000000004
"@doubtcaspar babe :(( remember Im ALWAYS here if u need a little cheering up or talk, ily lots",joy,0.41700000000000004
@Hank_nsno @RonaldKoeman cheering and clapping I assume,joy,0.41700000000000004
Decide to stop being afraid. To just stop. What are you now free to do?\n\n#brave #free #honest #healthy #happy #life #living #optimism #love,joy,0.41700000000000004
"#Arts create richness &amp; liveliness in our society, continues through educational &amp; social benefits, and only ends with the economic",joy,0.41700000000000004
"Hey u never know, Channel 4s version of #GBBO might actually be quite good. A few adverts arent the end of the world. ",joy,0.41700000000000004
@melsey6 oh good girl hope she is cheerful,joy,0.41700000000000004
Not my fault if Im more observant than you thought of me to be !  Im not sorry  #wisdom #laughter #observingyou #allthetime #becareful ,joy,0.41700000000000004
Top seed Johnson chases double delight at Tour Championship,joy,0.41700000000000004
"incetown, age 23, joyful, elevated in hope with the",joy,0.41700000000000004
@88Palouseriver @ABC @NRA I rejoice everything time some moron is taken out of the genetics pool.,joy,0.41700000000000004
@delon03 can you at least just walk past her and break out into laughter,joy,0.41700000000000004
Day 3 of #harvest16 - listening to the sound of the chopper working its way closer to home at @mountaindairy makes me . #farm365,joy,0.41700000000000004
I might not pay for my own health insurance but I do like sparkling water and Brussels sprouts now so I think Im an adult,joy,0.41700000000000004
@CazuaL_WeaR @ScottInSC looks like a book shaped like a gun to me #optimism #itsagunalright,joy,0.408
I am always ready to .,joy,0.40700000000000003
"The point of living, and being an optimist, is to be foolish enough to believe the best is yet to come - Peter Ustinov  #quote",joy,0.40700000000000003
Intermit animated^%%%ncaa pittsburgh vs mississippi sprightly shiny bbva level peg varsity football telly scra...,joy,0.406
"Turkish exhilaration: for a 30% shade off irruptive russian visitors this twelvemonth, gobbler is nephalism so...",joy,0.40399999999999997
#ThisIsUs has messed with my mind &amp; now Im anticipating the next episode with #apprehension &amp; #delight! #isthereahelplineforthis,joy,0.40399999999999997
Now Im back at @wxpnfm and am elated to record @mannequinpussy fucking shit up in our studio this evening.,joy,0.40399999999999997
The Quarterback wrecks me every time.. #glee,joy,0.4
"A cheerful heart is good medicine, but a crushed spirit dries up the bones. A wicked man accepts a bribe in secret to pervert  justice.",joy,0.4
Watch this amazing live.ly broadcast by @matt.boss  #musicallyjh,joy,0.4
"A cheerful heart is good medicine, but a crushed spirit dries up the bones -Proverbs 17:22-",joy,0.4
@TheNotoriousMMA looking like @MIckeyRourkeFP in his heyday,joy,0.4
I see Ill be hovering over the block button today with much glee.,joy,0.4
Am I watching #BacheloretteAU or Zoolander ?  #samvrhys,joy,0.4
i started glee from the beginning n im crying they were such babies i love my children,joy,0.4
Decide to stop being afraid. To just stop. What are you now free to do?\n\n #brave #free #honest #healthy  #life #living  #love,joy,0.4
#ThisIsUs has messed with my mind &amp; now Im anticipating the next episode with #apprehension &amp; ! #isthereahelplineforthis,joy,0.4
You have to find a way to top yourself. #glee,joy,0.396
"You know, youre pro-actively playful. You want to press your boobs into my face, Tatenashi. Im not saying no, though. =3",joy,0.396
lol! no mention of pak PM or even his speech on any international news channel and pakis are rejoicing as if the world stands with them,joy,0.396
@veggiesausage that happens...u will be ok tomorrow cheer it up..Dont give up no no no,joy,0.396
"Update: I have yet to hang out with @MisElizaJane, but Im still hopeful! ",joy,0.396
The essential Saltes of Animals may be\nArkhams large outfit from any effects he\nI rejoice that you continue in ye,joy,0.396
@warmneutrals passenger in car next to u cheerfully asks for a cigarette and then directions,joy,0.396
"@EtherealMystic_ - felt like he couldnt control  and here she was, giving so much of herself, selflessly pleasing him. His groans were -",joy,0.396
@TChudhry @fasiranjha lol @ ur caste. even if the whole village dies.. a massali like you cant be a chaudhry:) so cheer up massali :),joy,0.396
will i ever get the nerve to quit the restaurant ??? find out tonite on glee!,joy,0.396
"#RIP30 Heaven is rejoicing because theyve gained an angel, the Keifer family are in my prayers ",joy,0.396
@DanLanthier That was exhilarating hockey. Theyre still out if Russia wins in regulation Im reading. #fuck,joy,0.396
"My boss likes to stand in my office &amp; smile at me like a shark: maliciously gleeful, and ask me how am I as if I have a secret to tell her.",joy,0.396
Cross Party Group on Crofting meeting tonight in @ScotParl. Suspect its going to be a lively meeting....,joy,0.396
Watch this amazing live.ly broadcast by @brooks_swaggysquad  #musically,joy,0.396
Riggs dumb ass hell lolol  #LethalWeapon,joy,0.396
@footballmcd agreed. Memphis looks lively also,joy,0.395
Hey NASCAR fans. Are you going to the race in Loudon this weekend?  Why not stop by New Day Diner for a great hearty breakfast before you go,joy,0.385
"Had a coworker look at her phone and say, cheerfully, oh look, Kaps getting death threats now. . Then she goes to say the 49ers are",joy,0.385
"Hey u never know, Channel 4s version of #GBBO might actually be quite good. A few adverts arent the end of the world. #optimism",joy,0.384
the prospect of getting choked out by a hot daddy tonight is sorta cheering me up but I also kinda just wanna watch the new AHS episode lol,joy,0.38299999999999995
Set a goal to achieve something thats so big so exhilarating that excites you &amp; scares you at the same time. \n #BobProctor,joy,0.38299999999999995
@zinabukvic_ cheer up,joy,0.38
"My two older boys were elated, my toddler was terrified. I have pics of his poor little face peeping through the hole in the basket.",joy,0.38
@SoCalValerie this one was Apples attempt to make muslims happy ,joy,0.38
Tom Phillips being all jovial at the start of this weeks show when Joe is strutting out after that video package is quite the juxtaposition,joy,0.38
Bring back the heyday #NominateBunkface,joy,0.38
"At the regular cheerfulness of any emotion, her own supper, and to give the ladies were soon as they have been entirely at",joy,0.38
Blake lively is flawless,joy,0.38
"every time a new Anthony Weiner revelation breaks, Bill Clinton says a prayer of thanks that texting/DMing didnt exist in his heyday.",joy,0.375
@finkowska just rejoice if you get paid for it.,joy,0.375
her; i want a playful relationship\nme; *kicks her off the couch*,joy,0.375
#Talking about our #Problems is our greatest #Addiction\n\n#Break the #habit\n\nTalk about ur #Joys\n\n#quote #optimism #problemsolving #behappy,joy,0.375
When your rewatching glee and break down in tears all over again.  #glee,joy,0.375
#food  # #smile   microsoft_.net_framework_4.5.1_full_plus_by_gora,joy,0.375
Tip 5: Dont worry about pleasing everyone. #TitanWisdom,joy,0.375
"@finkowska @PigletParker they happen. I expect your thumbs were all over the place in glee, interpreting my double negative.",joy,0.375
Go follow #beautiful #Snowgang @Amynicolehill12  #Princess #fitness #bodyposi #haircut  #Whitegirlwednesday,joy,0.375
@Devilligan Its a beautifully sincere balancing act of grief and hilarity.,joy,0.375
@AllredMD @KerryCallen @thismanthispete Kirbys Black Panther in a cool animated panel.,joy,0.375
@Bookselenaxxx @Hustler @Bookselenaxxx @Hustler \nthat hot pussy unappetizing that delight,joy,0.375
"Cover it up with a smile, maybe itll get better",joy,0.375
Currently listening to @ScottFoxonair &amp; @KatCallaghan @Z1035Toronto podcasts!! Can you guys please move to #yvr ?  #missyou,joy,0.365
@FoRDaYS14  chewing what? #smile #arcdental #turlock,joy,0.365
Laudrup and his evil white companions rejoice.,joy,0.36
My ukulele bag has fallen apart.  WELLL AT LEAST my life hasnt yet!! #Joys\n\n#quote  #problemsolving #behappy,joy,0.36
"@JohnDotWhite I remember its heyday, but these ladies range in age from, Id say, mid-30s to early 70s.",joy,0.36
"The point of living, and being an optimist, is to be foolish enough to believe the best is yet to come - Peter Ustinov #optimism #quote",joy,0.36
"@elena_yip My random guesses for you! A potential Amelie, Kenneth of 30 Rock (but YA instead of TV) &amp; maybe w/ the optimism of Lara Jean?",joy,0.36
"@SloanTheOtaku Betelgeuse/Sloth was lively, dedicated and tenacious, Regulus/Greed is humbly content and Ley/Gluttony is starving hungry.",joy,0.36
@Tomstarling86 He didnt have many chances to show what he can do but looked lively and had a good shot tipped over the bar before the end.,joy,0.36
@GNRailUK Theres gonna be street parties when you lot leave. Spontaneous rejoicing. Clowns.,joy,0.36
@iamnotatwit Or did I lie and cut 5 years off my age to be young and spry and hire-able in Hollywood? #thegoldbergs,joy,0.36
"@CohenDS Yell, Bye, garbage! cheerfully after it.",joy,0.36
what happened to breezy,joy,0.36
Love how cheerful that woman is about storing someone elses furniture for an eternity. Id have sold it by now. #GrandDesigns,joy,0.36
"Days!\nHe was itching for a fight..itching for the exhilaration of battle, of almost getting defeated, the adrenaline pumping\n@RojinHitto",joy,0.36
theLordturn his face toward you and give you peace. Numbers 6:26 #truth #trust #promise #calm #justice #great #mighty #protected ,joy,0.354
Be free and open and breezy! Enjoy! Things wont get any better so get used to it.,joy,0.354
Lil reminder that my private account is a delight of shittalking and occasionally NSFW stuff! @AngryArchosaur,joy,0.354
"every day i have to think in my mind will this be pleasing to God. my decision making, the way i react, treat ppl, speak, am i pleasing God.",joy,0.354
"Trying to loveee somebody, just wanna love somebody right now, guess theres just no pleasing me",joy,0.354
Follow me in instagram 1.0.7 #love #TagsForLikes #TFLers #tweegram #photooftheday #20likes #amazing #smile #follow4follow #like4like #look ,joy,0.354
dont put famous dex in a tweet with breezy lol chris is that guy dex a bitch lmao n music ass,joy,0.354
"Athenian: When mirth is the order of the day, he ought to be honoured most who gives most mirth to the greatest number (Laws)",joy,0.354
"The birds chirp , the sun shines and the wind chimes chime. There was once a smile on this face.",joy,0.353
@rantking just adding a little levity,joy,0.35200000000000004
@FoRDaYS14  chewing what?  #arcdental #turlock,joy,0.35200000000000004
"@MerenthaProphet - the Hunter in this way, content and joyous in simple, domestic bliss? I cannot wait for word of who you truly are to -",joy,0.349
"@_haye_ optimism is hell lose, thats actually a compromise :P",joy,0.34600000000000003
Misery loves company. The church ought to be a place where it finds none.\n-Pastor Kris Theobald #joy #rejoice,joy,0.34600000000000003
@BrightPigSEO @BrightPigSEO we provide dignified and professional funerals at prices families can afford #satisfied clients #bright pig,joy,0.345
#Talking about our #Problems is our greatest #Addiction#Break the #habitTalk about ur #Joys#quote #optimism #problemsolving #behappy,joy,0.34
#hate going to the doctor on so many levels but least I can go sleep with a #smile just watched #Dwight on live nation,joy,0.34
Do not truck the delight; delight the truck.,joy,0.34
@Blancalanka96 thought itd be fun and it is not fun but on the bright side I dont have to fight for parking,joy,0.34
Miami proficiency is like pleasing by what name miami beaches: pIkxb,joy,0.34
@suavecitamay sparkling water is nice you know I tried it the other day,joy,0.34
@gatewaypundit Mostly animated audience Id bet...green sceen folk...the ones that dont need air..!,joy,0.34
Todays realisation that it was the last time I watch swimming lesson cos I go back to work next week lead to a joyous bedtime. #worstoneyet,joy,0.34
Pinterest one dessert... Next thing you know your pinning how to make 27 different visually pleasing mouth watering never gonna make sweets.,joy,0.34
Im worried someday Ill be yelling at my kids and theyll be confused about if or not Im being serious \n\nIm too damn playful,joy,0.34
@PeteSpencer007 Are you always so relentlessly positive? Your constantly cheerful optimistic disposition starts to grate after a while.,joy,0.34
"Mind if I tag along? She asked cheerfully, sweeping a lock of hair behind her ear. I want to see if youve really got  @DitheringWizard",joy,0.34
Pre-prepare direction plays hale and hearty situation an in childs evolvement: CMmyd,joy,0.34
only time I am ever cheering for you Johnny,joy,0.34
@JackCurryYES hes just lucky...bad pitchers...#WHATEVER...ElKracken is #legit #future #bright #gottawearshades #LetsGoYankees,joy,0.33299999999999996
Being playful as shit,joy,0.33299999999999996
Final night shift coming up.  I wont miss it but I will miss my work pals and the hysterical laughter that gets us through the night,joy,0.33299999999999996
@ColMorrisDavis @rolling_2 @realDonaldTrump @pbump Hes jubilant to hear the word that he probably uses in secret heard out loud.,joy,0.33299999999999996
"@blackeyed_susie They aint going away, and I dont want to see them hurt; changing hearts/minds is really our only option, no? #optimism",joy,0.33299999999999996
"I love when my dog is playful, but he really just scratched my face while flailing his paws in excitement and almost tore my nose ring out",joy,0.33299999999999996
@fillegrossiere @PeasParsley @tombrodude bobs burgers is an animated show. Maybe Bob looks like him. They would cast him based on voice too,joy,0.33299999999999996
I take a strange delight from seeing mark Hughes struggle,joy,0.33299999999999996
"@MalYoung @AngelicaMcD I hope to now see some levity, light, romance and happiness come Stitch and Abbys way after such a long hard road.",joy,0.33299999999999996
On the bright side with YouTube heroes leafy will finally get banned,joy,0.327
"myself that despite the absolute delight my children and I would feel having a kitten in our home, the misery my husband would feel is more.",joy,0.327
"@colmjoconnor well it was after my heyday too Im afraid, I was expecting 1st baby I reckon. Now aged 15 *gulps* Im so old :-)",joy,0.327
@KMunie7 @KaranEsch Helluva lot more animated than they were for the actual game &gt;.&lt;,joy,0.327
backed pats -2.5 10/11 just before #pleasing,joy,0.327
backed pats -2.5 10/11 just before ,joy,0.32
Loading mirth out to be trusted websites: LKskQUfke,joy,0.32
@FOXTV did you use the warblers set from glee on the @BONESonFOX episode about the acapella college kids?,joy,0.32
"If I were assured of your eventual destruction I would, in the interests of the public, cheerfully accept my own. -Sherlock Holmes-",joy,0.32
"GKN so lively as well, mad quick",joy,0.32
"@AdamCimmering Boro are at the OS before then, they could give the stewards a good work out. Chelsea will get about 8k, will be lively.",joy,0.32
@JackCurryYES hes just lucky...bad pitchers...#WHATEVER...ElKracken is #legit #future  #gottawearshades #LetsGoYankees,joy,0.32
i mean i guess most of the mean ones are treated as like playful but i want to support yoosung without dating him ;___;,joy,0.32
Method into thin out assault corridor thine liveliness: cHd,joy,0.32
@niceoneWern @Alotta_Pain the gleesome threesome,joy,0.32
"@eachus At least hes willing to discuss, better than most. That and keep the insults light with occasional levity or creative BS-ing,",joy,0.32
"@flutterpolitely she is from the heyday 80s -could go either way, writing should be stronger but dont know who will be sacrificed first",joy,0.32
Stack up with porthole under way heyday through worthy of faith bulls-eye transportation services: moM,joy,0.32
i bet dat dog eating name brand cheerios. cant relate. i eat cheery Os,joy,0.312
Well look at the bright side. You found a use for that rope #TipsToSurviveAPowerOutage,joy,0.312
@hoemanda69 wtf is tenacious and jubilant,joy,0.312
"Dark, dense, and exhilarating come the finale, #HellOrHighWater is a gripping watch.",joy,0.312
I wish there were unlimited glee episodes:( so I could watch them forever. #gleegoodbye,joy,0.312
A not very young man compiled info on a smiling baby then a mattress created new evil.,joy,0.312
Question for all the cheerleaders who ages out!!\nHow to I make my senior year of cheer more memorable,joy,0.312
@_Kdddd drop some off at 1133 cheery,joy,0.312
which always leads to the kind of hilarity average people will never experience - especially during breakups.,joy,0.312
HMS Pinafore time.\n\nI need some mirth.,joy,0.312
@OrbsOfJoy plan a date... like a date u find pleasing or smth. fuckign\n\n10/10. because the child will grow to be a ten out of ten,joy,0.311
@johnwintertweet dudes who wanna play some bass but not buy a bass (me) rejoice,joy,0.308
@lennyabrahamson May I send you a copy of #HeroTheGreyhound? Either e-book or real paper one! A boy and a greyhound #smiles #tears ,joy,0.304
"@CNBCFastMoney Harwood gleeful at these new numbers, bet your money on this reporting...look to lose it...@HillaryClinton liarthiefscoundrel",joy,0.3
"If I were assured of your eventual destruction I would, in the interests of the public, cheerfully accept my own. Sherlock Holmes",joy,0.3
"@mehnazt @Mel_Harder I live a life devoid of mirth. Come to think of it, there arent enough taco bowls in my life, either.",joy,0.3
Watch this amazing live.ly broadcast by @haythatjamile8 #lively #musically,joy,0.294
@mark_slifer actually maybe we were supposed to die and my donation saved our lives?? #optimism,joy,0.292
@_j_sa_ switch out Steve Carrell and put in Kurt from glee then its accurate,joy,0.292
"dont be with some just because they try to drown you in gifts. be with someone who makes you truly happy, without the materialistic things.",joy,0.292
"With that draw, the scum must be rubbing their hands with glee! Typical draw for the Woolwich lot!!! #jammygunnerscum",joy,0.292
All the fans wanted Man Utd at home in the next round...\nAre you cheering for Northampton or Man Utd right now?\n#lufc,joy,0.292
@FlannelJedi This is why I drink and watch Youre the Worst as a way to cheer myself up.,joy,0.292
"Sometimes he likes to ride arround on peoples shoulders or drop on them unexpectedly from vents or doorjambs. Like a big, gleeful spider.",joy,0.292
@crumpledlinen he chirp,joy,0.292
You have to find a way to top yourself. ,joy,0.292
"cluck cluck cluck, wolf wolf wolf , chirp chirp chirp is all I ever hear.",joy,0.292
@LeBatardShow #heyday Race war 2016,joy,0.292
@buzzlightbeard2 If you dont love yourself... Honesty is the best policy ,joy,0.292
"listening to the Oblivion score, drinking coffee, researching for new sci-fi animated project.",joy,0.28800000000000003
@lilymooregrant u used to chirp me for drinking it u hoe,joy,0.28800000000000003
@CNN &amp; @donlemon must be rejoicing ovet #Charlotte protests. \n#NorthCarolina,joy,0.28
"342:147 And waxen in their mirth, and neeze, and swear\nA merrier hour was never wasted there.--\n#AMNDBots",joy,0.28
@SXMUrbanView @karenhunter @CousinSyl you are so wrong for this!needed levity after that recording,joy,0.28
smiling through the stress :) :) :) :) :) :) :( :( :( :( :( :( :(,joy,0.28
@honevbee close up shots of my ugly mug as I continue to talk about Blaine years after glee has been dead,joy,0.28
Recd call 2day from Haitian church we started in Florida some 15yrs ago. Preparing to acquire their own bldg. Wanted me to know. ,joy,0.28
Doesnt it just suck when youre so real to someone and try to exhilarate every ounce out of them to only see that theyre not down,joy,0.27899999999999997
Positive #psychology research shows salespeople who score in the top 10% for #optimism have 88% &gt; sales than those in top 10% for pessimism.,joy,0.27399999999999997
"Tend the sick, Lord Christ; give rest to the weary, bless the dying, soothe the suffering, pity the afflicted, shield the joyous;",joy,0.271
Never make a #decision when youre #angry and never make a #promise when youre . #wisewords,joy,0.271
A non-permissive environment is also called a battleground - #MilSpeak ,joy,0.271
"No, just tweet pictures of four fictional characters who describe you. One should be an animated character. @sunshinessp411",joy,0.271
@israelradioguy @WearingWelcome @SkipBaylessSux U blocking doesnt diminish the hilarity of his observation.Or your child-like response to it,joy,0.271
"Meanwhile, the so-called Ms fans sit there knitting or sleeping not sure which but they certainly arent cheering like the other teams fans",joy,0.271
"@musicfae15 [He grumbled as he sat atop the sushi bar stool, crossing his arms defiantly, in a playful gesture, though he gave anyone who &gt;",joy,0.271
One time I saw Rachel from glee tell someone their job was on a pole and I said that in 5th grade to a boy and he look confused,joy,0.271
@Dubai92 try asking for a cheeseburger with only onion &amp; mustard at any #McDonalds ,joy,0.271
Fee otherwise tricks: palm oil delegation mt jaunty resident: TZxCHLdAQ,joy,0.26899999999999996
@TheBarmyArmy all the optimism...,joy,0.263
The bounty hunter things a bit lively,joy,0.262
"@Spotted_H0rse Im spry, though",joy,0.26
mirana told me to shut up when i was singing along to glee...,joy,0.26
The Quarterback wrecks me every time.. ,joy,0.26
A former diplomat is quite gleeful about the situation of Pakistan on @TimesNow\nNot quite stiff upper lip of diplomacy seen normally,joy,0.259
@ryanwilson2015 Thats why compatibility is key as it lowers hedonic volatility.,joy,0.25
Halfway to work and I realize I forgot to put on underwear....Its going to be one of those days! #mombrain #toomuchgoingon #longday #breezy,joy,0.25
"god, Facebooks design has started to remind me of MySpace in its heyday",joy,0.25
Halfway to work and I realize I forgot to put on underwear....Its going to be one of those days! #mombrain #toomuchgoingon #longday ,joy,0.25
"Three days off a month with two ex wives and no home could be worse. I dont know how, but it could #oilandgas #optimism",joy,0.25
@EngrNabeeel then rejoicing now is a lil bit prematured dont you think,joy,0.25
"its so breezy out today, i cant go to back to school night with bare legs like ive had all day",joy,0.25
@jellzybean cheer up punkin,joy,0.25
@APkrawczynski   Any possibly KG is being bought out as a player so that he can buy in from Glen as a minority owner? ,joy,0.25
I saw those dreams dashed &amp;&amp; divided like a million stars in the night sky that I wished on over &amp;&amp; over again ~ sparkling &amp;&amp; broken.,joy,0.25
@EducatedNPetty white pricks that were laughing at your use of language wont be crying over your coffin but rejoicing that youre another,joy,0.25
Light of day per heyday popularization backfire cinematography: XUcQb,joy,0.25
@peachkellipop the whole thread is jovial and fun and then this comment is like FULL of misogyny,joy,0.245
"@Nikhilv95 @LydiajaneF I wish, I really, truly wish, that I had just a modicum of your banter. ",joy,0.24
@mark_slifer actually maybe we were supposed to die and my donation saved our lives?? ,joy,0.24
Misery loves company. The church ought to be a place where it finds none.\n-Pastor Kris Theobald #joy ,joy,0.24
"@Spacekatgal @outmagazine Its okay to be trans just rejoice with the trans in the trans way. By the way its not your business, so why care?",joy,0.24
@berniedole looks that way. But lets think about Rohan last week ... #optimism,joy,0.237
"At 12:01, Tumblr became sentient. At 1.:02, Tumblr posted gn animated gif about it. At 12:03, Tumblr shipped itself.",joy,0.235
#LMFAO @MSNBC s #racepimp Tamron Hall used the words fscts and MSNBC in the same sentence  #libtard #biasedmedia #neverHillary,joy,0.231
Research has determined 70% of #laughter is actually #anxiety.,joy,0.231
"@NebulaJoker No, they arent. Episodes are animated during the week before they air.",joy,0.231
@iyaycruz lets see chirp,joy,0.231
Val is far too cheery for my liking ,joy,0.22899999999999998
But ill be a pity.  #lively,joy,0.22899999999999998
When your rewatching glee and break down in tears all over again.  ,joy,0.22899999999999998
Does anyone remember a movie that is animated in the late 70s called Shame of the Jungle John Bulushi was in it wild if thats your taste,joy,0.22899999999999998
@ItWontCostMuch_ Bed done... floor will be done last... curtains! A-hah! She tried to sound all happy and cheery but she really wasnt.--,joy,0.22899999999999998
@weebtard sparkling water wyd,joy,0.22899999999999998
"The #house no longer echoes with our #laughter. We light up our #memories of the #home and sit in the cold, #waiting. #amwriting #nostalgia",joy,0.22899999999999998
"@blackeyed_susie They aint going away, and I dont want to see them hurt; changing hearts/minds is really our only option, no? ",joy,0.22899999999999998
#OneSimpleChange: Drink sparkling water instead of soft drinks to steer clear of fructose while still getting a refreshing carbonation kick.,joy,0.22699999999999998
"Dear everyone at HSSU, stop walking with your phones up so I can smile and wave at you and you can smile and wave back :(",joy,0.225
$SRPT Why would Etep patients &amp; Moms advocate for a drug if it did not work? Anyone listen to the Etep MDs @ Adcomm.. all were elated.,joy,0.22
Gas prices are hilarious. Cause theyre simultaneously super subsidised and taxed,joy,0.22
.@POTUS Obama describes his temperament as steady &amp; on the buoyant side.,joy,0.22
Early morning cheerfulness can be extremely obnoxious #ALDUB62ndWeeksary,joy,0.212
Check out this #film Robocoq 301  #shortfilms,joy,0.212
Rap that will Cut other rapers throat. Who said that? @Paedeezy #badd #wicked. #bright city lights,joy,0.212
Who actually chooses to drink sparkling water ,joy,0.20800000000000002
f breezy,joy,0.20800000000000002
@bear_ing you asshole... you made me sexually attacked to a animated bear :-P,joy,0.20800000000000002
"Hey @AppleSupport, would be nice to have click to pause or pause when window inactive on animated GIFs for macOS Messages app",joy,0.20800000000000002
@CazuaL_WeaR @ScottInSC looks like a book shaped like a gun to me  #itsagunalright,joy,0.20800000000000002
my haters are like crickets. they chirp all day but when I walk past them they shut the fuck up.- @DritaDavanzo (my idol),joy,0.20800000000000002
"@TheDemocrats dilemma, blaiming everything on the Bushes, but acting gleeful over their endorsement. #Election2016 #Trump",joy,0.20800000000000002
"@rubeseatsinfo from here, its but a short step to biweekly Community Meetings over a hearty meal of soy flakes",joy,0.20800000000000002
The joyful tambourines have ceased. The noise of the jubilant has stopped. The joyful lyre has ceased. -Isaiah 24:8,joy,0.20800000000000002
noah fence but i want a harley quinn or blake lively layout,joy,0.207
I truly believe in my heart right now that Satan is rejoicing because we are all against one another,joy,0.204
Gloriosa Bazigaga on #Rwanda work: I lost relatives in genocide but 15 yrs of peacebuilding has given me optimism its within our power,joy,0.2
@HillaryClinton did you see the gleeful look on @realDonaldTrump s face when criminal Don King used the n word to denigrate Blacks?,joy,0.2
"@TheVulcanSalute , just saw the Save The Day PSA. Why were you in obvious tears doing it? Id have thought youd be your cheerful self.",joy,0.2
I was cheering for NA team. Now I just want this is over and Gaudreau comes back in one piece. It is getting way too risky,joy,0.192
"@alphavenger all chuck seasons, she had that one bright spot with dan, where she was allowed to be smart and kind //and// fashionable",joy,0.18899999999999997
@BbeautifulSoul_ u always gotta attitude tho ...  cheer up,joy,0.188
"Oh that cheery fucking note, good night shit heads X",joy,0.188
"categ than GEN &amp;OBC it cost only 100 or nill .i am not against the reservation and i support it,sir minimize the fees #bright fut @PMOIndia",joy,0.188
@ClvlndK8 Its so sad! Theres always such optimism with a new year. This is...not good. @BuckshotBandit1 @dapostrophearcy,joy,0.188
Shanghais chief distracting levity pampa - proper dingle carry away: uUDQujcia,joy,0.18
@govph I would like to know about the source of The Presidents optimism about running the country. I wonder if he can answer my curiosity.,joy,0.18
Unixware skydrive-cokie hearty exactment blame online: HEpHXhO,joy,0.18
@__Dayo yall dont feel bad.. you are rejoicing... it is what itnis... its always #ColtsNation even when we have 6th string DBs playing ,joy,0.18
Harking back to 2012 - DTs challenge to @POTUS...I will give...DT a hearty thank you...if he will release his tax returns....,joy,0.179
"So much news about Pakistan, Afghanistan, etc. We need more cheery news about Frybread Stands!!! Everyone in media just so grim.",joy,0.17300000000000001
remember when glee did a take me or leave me cover but it was between two girls who werent even friends why did that do that,joy,0.16699999999999998
I need a bit of #GBBO to cheer me up after a terrible day!,joy,0.16699999999999998
"Logically speaking, this cant be the worst Ive ever felt and even if it was then its passing will still be a joyous occasion",joy,0.16699999999999998
I hate when I try to be playful and get shut down lol ...Why so serious,joy,0.16699999999999998
As a photographer this portrait shooting mode on the iPhone 7 Plus is going to frustrate me ~75% of the time but delight ~25% of the time.,joy,0.161
Apparently all the money in the world cant buy a single person to tell you not give your own waist a hearty two-handed pinch while onstage.,joy,0.16
People always tell me that they dont expect me to have anxiety because Im generally cheerful and dont act the way they expect me to.,joy,0.16
Inquiries into alleged abuses by UK troops in Afghanistan and Iraq and data suggesting a buoyant post-Brexit economy makes the front pages.,joy,0.16
"Pinky is so funny n jovial, bt she got emotional n just brought me 2 tears. I felt so bad for her #Ishqbaaaz",joy,0.16
@faithstrust @TheeCurrentYear imagine being this stupid for trying to chirp because of some racist prick.,joy,0.154
i wonder how gleeful it is to be dumb af and see the world through rose tinted glasses,joy,0.14800000000000002
sparkling or still? #terribledebatequestions,joy,0.146
Life iznt about pleasing each others...\n\n#hell #with #pleasing,joy,0.146
@debutemma I dont have to sit here and take this from u spry young children,joy,0.146
"You dont smile and you say youre in love, but thats why I dont love",joy,0.146
@iamglenn35 the forth character? No... not gleeful enough...,joy,0.146
@emilyycos the other 26 was last night at 2am while i watched the balls i animated bounce for 20 minutes figuring out what was wrong,joy,0.146
I meet new people and I had to grow up with the reality that people can be desgusting and fake and so I lost my cheerfulness and started to,joy,0.14400000000000002
Feelings got cheated when I mistook the sparkling ribena to be the normal ribena......,joy,0.14
"@david_garrett Quite saddened.....no US dates, no joyous anticipation of attending a DG concert (since 2014). Happy you are keeping busy.",joy,0.14
@aradsliff dont know Im from nj we are the worst on purpose. ,joy,0.139
Turns out it wasnt even anything to be concerned about at all. Im happy and a bit frustrated it took so long to get this answer.,joy,0.135
@berniedole looks that way. But lets think about Rohan last week ... ,joy,0.131
half day tuhday but nah for glee ,joy,0.125
"Three days off a month with two ex wives and no home could be worse. I dont know how, but it could #oilandgas ",joy,0.125
@LaurenBrierley2 sparkling water = death,joy,0.125
"As the birds begin to chirp, I try to sleep. #Jetlag",joy,0.12
"When u /only/ talk 2 me or ask me how r things just 2 get 2 say something u want, 4give me if Im not elated 2 start a conversation with u",joy,0.12
Wanted to get him a cake with sparkling candles but he doesnt like cake. Ruins everything,joy,0.10400000000000001
"@AdsByFlaherty And youre cheerfully defending a group of unchecked, armed thugs whove shown a history of racism, violence, and lies.",joy,0.10400000000000001
"Sometimes I watch shitty tv to reinforce never giving up cuz if something is that fucking awful on tv, I still stand a chance. #optimism",joy,0.10400000000000001
@Onision @Eugenia_Cooney annoyed by the good loving fans of Onision including myself Is really annoyed at how people just are too cheerful.,joy,0.10400000000000001
"With a jovial Trump on his ass, Don King just publicly told a crowd that We need [him] because you will always be a nigger.  #FuckTrump",joy,0.10400000000000001
Your glee filled Normy dry humping of the most recent high profile celebrity break up is pathetic &amp; all that is wrong with the world today.,joy,0.1
@torbalan I still have some shred of optimism. Its rapidly disappearing however...,joy,0.1
Studying the phases of oscillation. How jovial. ,joy,0.1
@MaxVenator Weve had no foreign policy but have had goofy Secretary of State John Kerry with his devil may care pose and jaunty blue scarf.,joy,0.1
It is too fucking bright &amp; too fucking hot outside,joy,0.096
Quinns short hair makes me sad. ,joy,0.083
But ill be a pity.  ,joy,0.083
"Sometimes I watch shitty tv to reinforce never giving up cuz if something is that fucking awful on tv, I still stand a chance. ",joy,0.075
"The abysmal ignorance, frivolity and levity of the Italian priests stupefied him. - Roland Bainton on Luther, #ReformationDay",joy,0.062
@SenJohnMcCain @WSJ an Honorable Senator cheering when a cease fire does not hold! PEOPLE DIE AND YOU CHEER! GENOCIDE SUPPORT NOT GOOD!,joy,0.062
"Seriously @marksandspencer Im sick and grumpy and the only thing thats gonna cheer me up is ordering my xmas food, whens it going up? ",joy,0.06
Its just the lack of company and liveliness out here that makes me bored.,joy,0.057999999999999996
Quinns short hair makes me sad. #glee,joy,0.04
hate overthinking e v e r y t h i n g like i jus wanna be happy pls,joy,0.04
People who cheer for sports teams completely outside of New Jersey or PA piss me off,joy,0.02
@DamnPatriot Youre a POS for rejoicing in someones death.,joy,0.019
